Metric,Text-Fabric,Context-Fabric,CF Improvement
Compile Time (s),61.71683420892805,30.21096379030496,2.04x faster
Load Time (s),8.11036429181695,0.5073950840160251,15.98x faster
Memory Used (MB),5187.5625,300.3125,94.2% less
Cache Size (MB),137.9158821105957,387.38683700561523,2.8x larger
